"Name";"Diameter";"TypeExit";"OnTerritoryOfMoscow";"AdmArea";"District";"Latitude_WGS84";"Longitude_WGS84";"NameMetroExit";"ObjectStatus";"global_id";"geoData";"geodata_center";
"Наименование прохода станции МЦД";"Станция МЦД";"Тип прохода";"На территории Москвы";"Административный округ";"Район";"Широта прохода в WGS-84";"Долгота прохода в WGS-84";"Ближайшие входы и выходы вестибюлей Московского метрополитена";"Статус объекта";"global_id";"geoData";"geodata_center";
"Одинцово (проход 1)";"nested data";"Вход-выход";"нет";"";"";"55.672198";"37.281430";"";"действует";"1059314872";"{coordinates=[37.28143, 55.672198], type=Point}";"";
"Одинцово (проход 2)";"nested data";"Вход-выход";"нет";"";"";"55.671064";"37.280726";"";"действует";"1059315973";"{coordinates=[37.280726, 55.671064], type=Point}";"";
"Одинцово (проход 3)";"nested data";"Вход-выход";"нет";"";"";"55.673384";"37.283735";"";"действует";"1059316135";"{coordinates=[37.283735, 55.673384], type=Point}";"";
"Одинцово (проход 4)";"nested data";"Вход-выход";"нет";"";"";"55.672908";"37.284388";"";"действует";"1059316279";"{coordinates=[37.284388, 55.672908], type=Point}";"";
"Баковка (проход 1)";"nested data";"Вход-выход";"нет";"";"";"55.682354";"37.312410";"";"действует";"1059317055";"{coordinates=[37.31241, 55.682354], type=Point}";"";
"Баковка (проход 3)";"nested data";"Вход-выход";"нет";"";"";"55.683111";"37.315642";"";"действует";"1059317525";"{coordinates=[37.315642, 55.683111], type=Point}";"";
"Баковка (проход 4)";"nested data";"Вход-выход";"нет";"";"";"55.682880";"37.316747";"";"действует";"1059317898";"{coordinates=[37.316747, 55.68288], type=Point}";"";
"Сколково (проход 1)";"nested data";"Вход-выход";"нет";"";"";"55.700414";"37.341887";"";"действует";"1059318647";"{coordinates=[37.341887, 55.700414], type=Point}";"";
"Сколково (проход 2)";"nested data";"Вход-выход";"нет";"";"";"55.698446";"37.346246";"";"действует";"1059320677";"{coordinates=[37.346246, 55.698446], type=Point}";"";
"Немчиновка (проход 1)";"nested data";"Вход-выход";"нет";"";"";"55.715538";"37.373467";"";"действует";"1059320929";"{coordinates=[37.373467, 55.715538], type=Point}";"";
"Немчиновка (проход 2)";"nested data";"Вход-выход";"нет";"";"";"55.715211";"37.374090";"";"действует";"1059321026";"{coordinates=[37.37409, 55.715211], type=Point}";"";
"Немчиновка (проход 3)";"nested data";"Вход-выход";"нет";"";"";"55.715758";"37.375219";"";"действует";"1059321219";"{coordinates=[37.375219, 55.715758], type=Point}";"";
"Сетунь (проход 1)";"nested data";"Вход-выход";"да";"Западный административный округ";"Можайский район";"55.723892";"37.396904";"";"действует";"1059321327";"{coordinates=[37.396904, 55.723892], type=Point}";"";
"Сетунь (проход 2)";"nested data";"Вход-выход";"да";"Западный административный округ";"Можайский район";"55.723180";"37.396423";"";"действует";"1059321596";"{coordinates=[37.396423, 55.72318], type=Point}";"";
"Рабочий поселок (проход 1)";"nested data";"Вход-выход";"да";"Западный административный округ";"район Кунцево";"55.727196";"37.417441";"";"действует";"1059329981";"{coordinates=[37.417441, 55.727196], type=Point}";"";
"Рабочий поселок (проход 2)";"nested data";"Вход-выход";"да";"Западный административный округ";"Можайский район";"55.726670";"37.418342";"";"действует";"1059330189";"{coordinates=[37.418342, 55.72667], type=Point}";"";
"Рабочий поселок (проход 3)";"nested data";"Вход-выход";"да";"Западный административный округ";"Можайский район";"55.726678";"37.417455";"";"действует";"1059330704";"{coordinates=[37.417455, 55.726678], type=Point}";"";
"Рабочий поселок (проход 4)";"nested data";"Вход-выход";"да";"Западный административный округ";"Можайский район";"55.726699";"37.416842";"";"действует";"1059330781";"{coordinates=[37.416842, 55.726699], type=Point}";"";
"Кунцевская (проход 6)";"nested data";"Вход-выход";"да";"Западный административный округ";"Можайский район";"55.726821";"37.446916";"Кунцевская, вход-выход 2 в западный вестибюль (Ф)";"действует";"1059330934";"{coordinates=[37.446916, 55.726821], type=Point}";"";
"Кунцевская (проход 7)";"nested data";"Вход-выход";"да";"Западный административный округ";"район Фили-Давыдково";"55.726865";"37.448582";"Кунцевская, вход-выход 1 в восточный вестибюль (Ф)";"действует";"1059340331";"{coordinates=[37.448582, 55.726865], type=Point}";"";
"Кунцевская (проход 8)";"nested data";"Вход-выход";"да";"Западный административный округ";"район Фили-Давыдково";"55.726756";"37.450374";"Кунцевская, вход-выход 1 в восточный вестибюль (Ф)";"действует";"1059340620";"{coordinates=[37.450374, 55.726756], type=Point}";"";
"Подольск (проход 1)";"nested data";"Вход-выход";"нет";"";"";"55.431409";"37.564382";"";"действует";"1059340681";"{coordinates=[37.564382, 55.431409], type=Point}";"";
"Подольск (проход 2)";"nested data";"Вход-выход";"нет";"";"";"55.431595";"37.564571";"";"действует";"1059340682";"{coordinates=[37.564571, 55.431595], type=Point}";"";
"Подольск (проход 3)";"nested data";"Вход-выход";"нет";"";"";"55.431307";"37.566454";"";"действует";"1059340684";"{coordinates=[37.566454, 55.431307], type=Point}";"";
"Подольск (проход 4)";"nested data";"Вход-выход";"нет";"";"";"55.430820";"37.566192";"";"действует";"1059340685";"{coordinates=[37.566192, 55.43082], type=Point}";"";
"Подольск (проход 5)";"nested data";"Вход-выход";"нет";"";"";"55.431609";"37.566283";"";"действует";"1059340686";"{coordinates=[37.566283, 55.431609], type=Point}";"";
"Силикатная (проход 1)";"nested data";"Вход-выход";"нет";"";"";"55.470428";"37.555184";"";"действует";"1059340687";"{coordinates=[37.555184, 55.470428], type=Point}";"";
"Силикатная (проход 2)";"nested data";"Вход-выход";"нет";"";"";"55.470807";"37.555164";"";"действует";"1059340688";"{coordinates=[37.555164, 55.470807], type=Point}";"";
"Остафьево (проход 1)";"nested data";"Вход-выход";"да";"Новомосковский административный округ";"район Щербинка";"55.485849";"37.555761";"";"действует";"1059340690";"{coordinates=[37.555761, 55.485849], type=Point}";"";
"Остафьево (проход 2)";"nested data";"Вход-выход";"да";"Новомосковский административный округ";"район Щербинка";"55.486068";"37.554731";"";"действует";"1059340691";"{coordinates=[37.554731, 55.486068], type=Point}";"";
"Щербинка (проход 3)";"nested data";"Вход-выход";"да";"Новомосковский административный округ";"район Щербинка";"55.510026";"37.562014";"";"действует";"1059340692";"{coordinates=[37.562014, 55.510026], type=Point}";"";
"Щербинка (проход 2)";"nested data";"Вход-выход";"да";"Новомосковский административный округ";"район Щербинка";"55.510025";"37.563086";"";"действует";"1059340693";"{coordinates=[37.563086, 55.510025], type=Point}";"";
"Щербинка (проход 1)";"nested data";"Вход-выход";"да";"Новомосковский административный округ";"район Щербинка";"55.510494";"37.561857";"";"действует";"1059340694";"{coordinates=[37.561857, 55.510494], type=Point}";"";
"Бутово (проход 1)";"nested data";"Вход-выход";"да";"Юго-Западный административный округ";"район Южное Бутово";"55.541455";"37.570343";"";"действует";"1059340699";"{coordinates=[37.570343, 55.541455], type=Point}";"";
"Бутово (проход 2)";"nested data";"Вход-выход";"да";"Юго-Западный административный округ";"район Южное Бутово";"55.542280";"37.570686";"";"действует";"1059340700";"{coordinates=[37.570686, 55.54228], type=Point}";"";
"Бутово (проход 3)";"nested data";"Вход-выход";"да";"Юго-Западный административный округ";"район Южное Бутово";"55.542188";"37.571570";"";"действует";"1059340702";"{coordinates=[37.57157, 55.542188], type=Point}";"";
"Бутово (проход 4)";"nested data";"Вход-выход";"да";"Юго-Западный административный округ";"район Южное Бутово";"55.541744";"37.571435";"";"действует";"1059340703";"{coordinates=[37.571435, 55.541744], type=Point}";"";
"Битца (проход 1)";"nested data";"Вход-выход";"нет";"";"";"55.570229";"37.610387";"";"действует";"1059340704";"{coordinates=[37.610387, 55.570229], type=Point}";"";
"Битца (проход 2)";"nested data";"Вход-выход";"нет";"";"";"55.572271";"37.612116";"";"действует";"1059340705";"{coordinates=[37.612116, 55.572271], type=Point}";"";
"Битца (проход 3)";"nested data";"Вход-выход";"нет";"";"";"55.572234";"37.612393";"";"действует";"1059340706";"{coordinates=[37.612393, 55.572234], type=Point}";"";
"Битца (проход 4)";"nested data";"Вход-выход";"нет";"";"";"55.570753";"37.611222";"";"действует";"1059340707";"{coordinates=[37.611222, 55.570753], type=Point}";"";
"Покровское (проход 1)";"nested data";"Вход-выход";"да";"Южный административный округ";"район Чертаново Южное";"55.603288";"37.632215";"";"действует";"1059340712";"{coordinates=[37.632215, 55.603288], type=Point}";"";
"Покровское (проход 2)";"nested data";"Вход-выход";"да";"Южный административный округ";"район Чертаново Южное";"55.602542";"37.631900";"";"действует";"1059340713";"{coordinates=[37.6319, 55.602542], type=Point}";"";
"Царицыно (проход 3)";"nested data";"Вход-выход";"да";"Южный административный округ";"район Царицыно";"55.619053";"37.668957";"";"действует";"1059340714";"{coordinates=[37.668957, 55.619053], type=Point}";"";
"Царицыно (проход 8)";"nested data";"Вход-выход";"да";"Южный административный округ";"район Царицыно";"55.619279";"37.670191";"";"действует";"1059340715";"{coordinates=[37.670191, 55.619279], type=Point}";"";
"Царицыно (проход 9)";"nested data";"Вход-выход";"да";"Южный административный округ";"район Царицыно";"55.618847";"37.669472";"";"действует";"1059340716";"{coordinates=[37.669472, 55.618847], type=Point}";"";
"Царицыно (проход 4)";"nested data";"Вход-выход";"да";"Южный административный округ";"район Царицыно";"55.618182";"37.667020";"";"действует";"1059340719";"{coordinates=[37.66702, 55.618182], type=Point}";"";
"Царицыно (проход 5)";"nested data";"Вход-выход";"да";"Южный административный округ";"район Бирюлёво Восточное";"55.617292";"37.668901";"";"действует";"1059340720";"{coordinates=[37.668901, 55.617292], type=Point}";"";
"Москворечье (проход 1)";"nested data";"Вход-выход";"да";"Южный административный округ";"район Москворечье-Сабурово";"55.640088";"37.688197";"";"действует";"1059340722";"{coordinates=[37.688197, 55.640088], type=Point}";"";
"Москворечье (проход 2)";"nested data";"Вход-выход";"да";"Южный административный округ";"район Москворечье-Сабурово";"55.639823";"37.689302";"";"действует";"1059340723";"{coordinates=[37.689302, 55.639823], type=Point}";"";
"Курьяново (проход 1)";"nested data";"Вход-выход";"да";"Юго-Восточный административный округ";"район Марьино";"55.649326";"37.702632";"";"действует";"1059340724";"{coordinates=[37.702632, 55.649326], type=Point}";"";
"Курьяново (проход 2)";"nested data";"Вход-выход";"да";"Юго-Восточный административный округ";"район Печатники";"55.650014";"37.701059";"";"действует";"1059340725";"{coordinates=[37.701059, 55.650014], type=Point}";"";
"Перерва (проход 1)";"nested data";"Вход-выход";"да";"Юго-Восточный административный округ";"район Печатники";"55.659853";"37.714613";"";"действует";"1059340726";"{coordinates=[37.714613, 55.659853], type=Point}";"";
"Перерва (проход 2)";"nested data";"Вход-выход";"да";"Юго-Восточный административный округ";"район Печатники";"55.662117";"37.716177";"";"действует";"1059340727";"{coordinates=[37.716177, 55.662117], type=Point}";"";
"Перерва (проход 3)";"nested data";"Вход-выход";"да";"Юго-Восточный административный округ";"район Люблино";"55.660873";"37.719879";"";"действует";"1059340728";"{coordinates=[37.719879, 55.660873], type=Point}";"";
"Депо (проход 1)";"nested data";"Вход-выход";"да";"Юго-Восточный административный округ";"район Печатники";"55.674865";"37.727635";"";"действует";"1059340729";"{coordinates=[37.727635, 55.674865], type=Point}";"";
"Депо (проход 2)";"nested data";"Вход-выход";"да";"Юго-Восточный административный округ";"район Люблино";"55.674222";"37.730959";"";"действует";"1059340730";"{coordinates=[37.730959, 55.674222], type=Point}";"";
"Депо (проход 3)";"nested data";"Вход-выход";"да";"Юго-Восточный административный округ";"район Люблино";"55.674291";"37.732568";"";"действует";"1059340732";"{coordinates=[37.732568, 55.674291], type=Point}";"";
"Депо (проход 4)";"nested data";"Вход-выход";"да";"Юго-Восточный административный округ";"район Люблино";"55.673785";"37.732397";"";"действует";"1059340733";"{coordinates=[37.732397, 55.673785], type=Point}";"";
"Люблино (проход 1)";"nested data";"Вход-выход";"да";"Юго-Восточный административный округ";"район Печатники";"55.685164";"37.733471";"";"действует";"1059340735";"{coordinates=[37.733471, 55.685164], type=Point}";"";
"Люблино (проход 2)";"nested data";"Вход-выход";"да";"Юго-Восточный административный округ";"район Печатники";"55.684920";"37.733306";"";"действует";"1059340736";"{coordinates=[37.733306, 55.68492], type=Point}";"";
"Люблино (проход 3)";"nested data";"Вход-выход";"да";"Юго-Восточный административный округ";"район Люблино";"55.684952";"37.734733";"";"действует";"1059340737";"{coordinates=[37.734733, 55.684952], type=Point}";"";
"Люблино (проход 4)";"nested data";"Вход-выход";"да";"Юго-Восточный административный округ";"район Люблино";"55.684790";"37.734633";"";"действует";"1059340738";"{coordinates=[37.734633, 55.68479], type=Point}";"";
"Текстильщики (проход 1)";"nested data";"Вход-выход";"да";"Юго-Восточный административный округ";"район Текстильщики";"55.708583";"37.729568";"";"действует";"1059340739";"{coordinates=[37.729568, 55.708583], type=Point}";"";
"Текстильщики (проход 2)";"nested data";"Вход-выход";"да";"Юго-Восточный административный округ";"район Печатники";"55.708551";"37.729297";"";"действует";"1059340740";"{coordinates=[37.729297, 55.708551], type=Point}";"";
"Текстильщики (проход 7)";"nested data";"Вход-выход";"да";"Юго-Восточный административный округ";"район Текстильщики";"55.707064";"37.729901";"";"действует";"1059340741";"{coordinates=[37.729901, 55.707064], type=Point}";"";
"Новохохловская (проход 1)";"nested data";"Вход-выход";"да";"Юго-Восточный административный округ";"Нижегородский район";"55.724113";"37.715289";"";"действует";"1059340742";"{coordinates=[37.715289, 55.724113], type=Point}";"";
"Калитники (проход 1) (А)";"nested data";"Вход-выход";"да";"Юго-Восточный административный округ";"Нижегородский район";"55.734102";"37.701882";"";"действует";"1059340743";"{coordinates=[37.701882, 55.734102], type=Point}";"";
"Калитники (проход 2) (А)";"nested data";"Вход-выход";"да";"Юго-Восточный административный округ";"Нижегородский район";"55.734231";"37.702175";"";"действует";"1059340744";"{coordinates=[37.702175, 55.734231], type=Point}";"";
"Калитники (проход 3)";"nested data";"Вход-выход";"да";"Юго-Восточный административный округ";"Нижегородский район";"55.733797";"37.702634";"";"действует";"1059340745";"{coordinates=[37.702634, 55.733797], type=Point}";"";
"Москва-Товарная (проход 1)";"nested data";"Вход-выход";"да";"Центральный административный округ";"Таганский район";"55.744981";"37.687382";"";"действует";"1059340748";"{coordinates=[37.687382, 55.744981], type=Point}";"";
"Москва-Товарная (проход 2)";"nested data";"Вход-выход";"да";"Юго-Восточный административный округ";"район Лефортово";"55.746254";"37.688943";"";"действует";"1059340749";"{coordinates=[37.688943, 55.746254], type=Point}";"";
"Площадь трёх вокзалов (проход 1)";"nested data";"Вход-выход";"да";"Центральный административный округ";"Красносельский район";"55.775071";"37.652816";"";"действует";"1059340753";"{coordinates=[37.652816, 55.775071], type=Point}";"";
"Рижская (проход 1)";"nested data";"Вход-выход";"да";"Центральный административный округ";"Мещанский район";"55.793415";"37.638764";"";"действует";"1059340755";"{coordinates=[37.638764, 55.793415], type=Point}";"";
"Дмитровская (проход 5)";"nested data";"Вход-выход";"да";"Северный административный округ";"Савёловский район";"55.808049";"37.579809";"";"действует";"1059340760";"{coordinates=[37.579809, 55.808049], type=Point}";"";
"Гражданская (проход 1)";"nested data";"Вход-выход";"да";"Северный административный округ";"Тимирязевский район";"55.806229";"37.551330";"";"действует";"1059340761";"{coordinates=[37.55133, 55.806229], type=Point}";"";
"Гражданская (проход 2)";"nested data";"Вход-выход";"да";"Северный административный округ";"Савёловский район";"55.806083";"37.551343";"";"действует";"1059340762";"{coordinates=[37.551343, 55.806083], type=Point}";"";
"Гражданская (проход 3)";"nested data";"Вход-выход";"да";"Северный административный округ";"Тимирязевский район";"55.805225";"37.555120";"";"действует";"1059340763";"{coordinates=[37.55512, 55.805225], type=Point}";"";
"Гражданская (проход 4)";"nested data";"Вход-выход";"да";"Северный административный округ";"Савёловский район";"55.804798";"37.555694";"";"действует";"1059340764";"{coordinates=[37.555694, 55.804798], type=Point}";"";
"Стрешнево (проход 4)";"nested data";"Вход-выход";"да";"Северный административный округ";"район Сокол";"55.815014";"37.487330";"";"действует";"1059340769";"{coordinates=[37.48733, 55.815014], type=Point}";"";
"Стрешнево (проход 2)";"nested data";"Вход-выход";"да";"Северный административный округ";"Войковский район";"55.815640";"37.487415";"";"действует";"1059340770";"{coordinates=[37.487415, 55.81564], type=Point}";"";
"Стрешнево (проход 6)";"nested data";"Вход-выход";"да";"Северный административный округ";"Войковский район";"55.815335";"37.493765";"";"действует";"1059340772";"{coordinates=[37.493765, 55.815335], type=Point}";"";
"Стрешнево (проход 7)";"nested data";"Вход-выход";"да";"Северный административный округ";"район Сокол";"55.814933";"37.492466";"";"действует";"1059340773";"{coordinates=[37.492466, 55.814933], type=Point}";"";
"Тушинская (проход 6)";"nested data";"Вход-выход";"да";"Северо-Западный административный округ";"район Покровское-Стрешнево";"55.827289";"37.439745";"";"действует";"1059340778";"{coordinates=[37.439745, 55.827289], type=Point}";"";
"Тушинская (проход 7)";"nested data";"Вход-выход";"да";"Северо-Западный административный округ";"район Покровское-Стрешнево";"55.826864";"37.441093";"";"действует";"1059340780";"{coordinates=[37.441093, 55.826864], type=Point}";"";
"Волоколамская (проход 1)";"nested data";"Вход-выход";"да";"Северо-Западный административный округ";"район Митино";"55.833282";"37.383497";"";"действует";"1059340787";"{coordinates=[37.383497, 55.833282], type=Point}";"";
"Пенягино (проход 1)";"nested data";"Вход-выход";"нет";"";"";"55.822026";"37.360096";"";"действует";"1059340788";"{coordinates=[37.360096, 55.822026], type=Point}";"";
"Пенягино (проход 2)";"nested data";"Вход-выход";"нет";"";"";"55.821080";"37.360843";"";"действует";"1059340790";"{coordinates=[37.360843, 55.82108], type=Point}";"";
"Павшино (проход 1)";"nested data";"Вход-выход";"нет";"";"";"55.815721";"37.342040";"";"действует";"1059340791";"{coordinates=[37.34204, 55.815721], type=Point}";"";
"Красногорская (проход 1)";"nested data";"Вход-выход";"нет";"";"";"55.814307";"37.304286";"";"действует";"1059340793";"{coordinates=[37.304286, 55.814307], type=Point}";"";
"Красногорская (проход 2)";"nested data";"Вход-выход";"нет";"";"";"55.813906";"37.304545";"";"действует";"1059340794";"{coordinates=[37.304545, 55.813906], type=Point}";"";
"Опалиха (проход 1)";"nested data";"Вход-выход";"нет";"";"";"55.822986";"37.246450";"";"действует";"1059340795";"{coordinates=[37.24645, 55.822986], type=Point}";"";
"Опалиха (проход 2)";"nested data";"Вход-выход";"нет";"";"";"55.823000";"37.248438";"";"действует";"1059340796";"{coordinates=[37.248438, 55.823], type=Point}";"";
"Аникеевка (проход 1)";"nested data";"Вход-выход";"нет";"";"";"55.832651";"37.218316";"";"действует";"1059340797";"{coordinates=[37.218316, 55.832651], type=Point}";"";
"Аникеевка (проход 2)";"nested data";"Вход-выход";"нет";"";"";"55.832549";"37.218203";"";"действует";"1059340798";"{coordinates=[37.218203, 55.832549], type=Point}";"";
"Нахабино (проход 1)";"nested data";"Вход-выход";"нет";"";"";"55.842035";"37.184625";"";"действует";"1059340800";"{coordinates=[37.184625, 55.842035], type=Point}";"";
"Нахабино (проход 2)";"nested data";"Вход-выход";"нет";"";"";"55.841313";"37.184069";"";"действует";"1059340801";"{coordinates=[37.184069, 55.841313], type=Point}";"";
"Аникеевка (проход 3)";"nested data";"Вход-выход";"нет";"";"";"55.831966";"37.219818";"";"действует";"1059340802";"{coordinates=[37.219818, 55.831966], type=Point}";"";
"Славянский бульвар (проход 2)";"nested data";"Вход-выход";"да";"Западный административный округ";"район Фили-Давыдково";"55.730663";"37.472277";"";"действует";"1059382266";"{coordinates=[37.472277, 55.730663], type=Point}";"";
"Фили (проход 1)";"nested data";"Вход-выход";"да";"Западный административный округ";"район Филёвский Парк";"55.744283";"37.514404";"";"действует";"1059382269";"{coordinates=[37.514404, 55.744283], type=Point}";"";
"Фили (проход 2)";"nested data";"Вход-выход";"да";"Западный административный округ";"район Филёвский Парк";"55.744544";"37.514822";"";"действует";"1059382270";"{coordinates=[37.514822, 55.744544], type=Point}";"";
"Фили (проход 3)";"nested data";"Вход-выход";"да";"Западный административный округ";"район Дорогомилово";"55.744032";"37.515809";"";"действует";"1059382271";"{coordinates=[37.515809, 55.744032], type=Point}";"";
"Тестовская (Москва-Сити) (проход 1)";"nested data";"Вход-выход";"да";"Центральный административный округ";"Пресненский район";"55.756260";"37.532715";"";"действует";"1059382275";"{coordinates=[37.532715, 55.75626], type=Point}";"";
"Беговая (проход 1)";"nested data";"Вход-выход";"да";"Центральный административный округ";"Пресненский район";"55.772306";"37.541270";"";"действует";"1059382276";"{coordinates=[37.54127, 55.772306], type=Point}";"";
"Беговая (проход 2)";"nested data";"Вход-выход";"да";"Центральный административный округ";"Пресненский район";"55.772365";"37.541476";"";"действует";"1059382277";"{coordinates=[37.541476, 55.772365], type=Point}";"";
"Белорусская (проход 2) (А)";"nested data";"Вход-выход";"да";"Центральный административный округ";"Тверской район";"55.777144";"37.580364";"";"действует";"1059382279";"{coordinates=[37.580364, 55.777144], type=Point}";"";
"Белорусская (проход 3)";"nested data";"Вход-выход";"да";"Центральный административный округ";"Тверской район";"55.777752";"37.581919";"";"действует";"1059382280";"{coordinates=[37.581919, 55.777752], type=Point}";"";
"Савёловская (проход 1)";"nested data";"Вход-выход";"да";"Северо-Восточный административный округ";"Бутырский район";"55.794412";"37.587370";"";"действует";"1059382282";"{coordinates=[37.58737, 55.794412], type=Point}";"";
"Савёловская (проход 2)";"nested data";"Вход-выход";"да";"Северо-Восточный административный округ";"Бутырский район";"55.794445";"37.588867";"";"действует";"1059382283";"{coordinates=[37.588867, 55.794445], type=Point}";"";
"Тимирязевская (проход 2)";"nested data";"Вход-выход";"да";"Северный административный округ";"Тимирязевский район";"55.819130";"37.574924";"";"действует";"1059382284";"{coordinates=[37.574924, 55.81913], type=Point}";"";
"Тимирязевская (проход 5)";"nested data";"Вход-выход";"да";"Северо-Восточный административный округ";"Бутырский район";"55.819094";"37.576467";"";"действует";"1059382286";"{coordinates=[37.576467, 55.819094], type=Point}";"";
"Окружная (проход 4)";"nested data";"Вход-выход";"да";"Северо-Восточный административный округ";"район Марфино";"55.847905";"37.574129";"";"действует";"1059382287";"{coordinates=[37.574129, 55.847905], type=Point}";"";
"Окружная (проход 5)";"nested data";"Вход-выход";"да";"Северо-Восточный административный округ";"район Марфино";"55.847735";"37.574552";"";"действует";"1059382288";"{coordinates=[37.574552, 55.847735], type=Point}";"";
"Окружная (проход 6)";"nested data";"Вход-выход";"да";"Северо-Восточный административный округ";"район Марфино";"55.847449";"37.574239";"";"действует";"1059382289";"{coordinates=[37.574239, 55.847449], type=Point}";"";
"Дегунино (проход 1)";"nested data";"Вход-выход";"да";"Северо-Восточный административный округ";"район Отрадное";"55.867065";"37.572725";"";"действует";"1059382290";"{coordinates=[37.572725, 55.867065], type=Point}";"";
"Дегунино (проход 2)";"nested data";"Вход-выход";"да";"Северо-Восточный административный округ";"район Отрадное";"55.864684";"37.573751";"";"действует";"1059382291";"{coordinates=[37.573751, 55.864684], type=Point}";"";
"Дегунино (проход 3)";"nested data";"Вход-выход";"да";"Северо-Восточный административный округ";"район Отрадное";"55.866910";"37.572497";"";"действует";"1059382292";"{coordinates=[37.572497, 55.86691], type=Point}";"";
"Дегунино (проход 4)";"nested data";"Вход-выход";"да";"Северо-Восточный административный округ";"район Отрадное";"55.866491";"37.572644";"";"действует";"1059382293";"{coordinates=[37.572644, 55.866491], type=Point}";"";
"Дегунино (проход 5)";"nested data";"Вход-выход";"да";"Северо-Восточный административный округ";"район Отрадное";"55.865710";"37.572985";"";"действует";"1059382294";"{coordinates=[37.572985, 55.86571], type=Point}";"";
"Дегунино (проход 6)";"nested data";"Вход-выход";"да";"Северо-Восточный административный округ";"район Отрадное";"55.864789";"37.573369";"";"действует";"1059382295";"{coordinates=[37.573369, 55.864789], type=Point}";"";
"Бескудниково (проход 1)";"nested data";"Вход-выход";"да";"Северо-Восточный административный округ";"Алтуфьевский район";"55.881394";"37.569944";"";"действует";"1059382296";"{coordinates=[37.569944, 55.881394], type=Point}";"";
"Бескудниково (проход 2)";"nested data";"Вход-выход";"да";"Северо-Восточный административный округ";"Алтуфьевский район";"55.881671";"37.567482";"";"действует";"1059382297";"{coordinates=[37.567482, 55.881671], type=Point}";"";
"Бескудниково (проход 3)";"nested data";"Вход-выход";"да";"Северо-Восточный административный округ";"Алтуфьевский район";"55.882877";"37.567311";"";"действует";"1059382298";"{coordinates=[37.567311, 55.882877], type=Point}";"";
"Лианозово (проход 8)";"nested data";"Вход-выход";"да";"Северо-Восточный административный округ";"район Лианозово";"55.899696";"37.547446";"";"действует";"1059382299";"{coordinates=[37.547446, 55.899696], type=Point}";"";
"Лианозово (проход 15) (А)";"nested data";"Вход-выход";"да";"Северный административный округ";"Дмитровский район";"55.898022";"37.550671";"";"действует";"1059382300";"{coordinates=[37.550671, 55.898022], type=Point}";"";
"Марк (проход 1)";"nested data";"Вход-выход";"да";"Северо-Восточный административный округ";"район Лианозово";"55.904406";"37.538408";"";"действует";"1059382301";"{coordinates=[37.538408, 55.904406], type=Point}";"";
"Марк (проход 2)";"nested data";"Вход-выход";"да";"Северо-Восточный административный округ";"район Лианозово";"55.902876";"37.540089";"";"действует";"1059382302";"{coordinates=[37.540089, 55.902876], type=Point}";"";
"Марк (проход 3)";"nested data";"Вход-выход";"да";"Северо-Восточный административный округ";"район Лианозово";"55.902429";"37.540638";"";"действует";"1059382303";"{coordinates=[37.540638, 55.902429], type=Point}";"";
"Марк (проход 4)";"nested data";"Вход-выход";"да";"Северо-Восточный административный округ";"район Лианозово";"55.906773";"37.536798";"";"действует";"1059382304";"{coordinates=[37.536798, 55.906773], type=Point}";"";
"Новодачная (проход 5)";"nested data";"Вход-выход";"нет";"";"";"55.924534";"37.527597";"";"действует";"1059382305";"{coordinates=[37.527597, 55.924534], type=Point}";"";
"Новодачная (проход 4)";"nested data";"Вход-выход";"нет";"";"";"55.925079";"37.527307";"";"действует";"1059382306";"{coordinates=[37.527307, 55.925079], type=Point}";"";
"Новодачная (проход 1)";"nested data";"Вход-выход";"нет";"";"";"55.925155";"37.527819";"";"действует";"1059382307";"{coordinates=[37.527819, 55.925155], type=Point}";"";
"Новодачная (проход 2)";"nested data";"Вход-выход";"нет";"";"";"55.924605";"37.528092";"";"действует";"1059382308";"{coordinates=[37.528092, 55.924605], type=Point}";"";
"Долгопрудная (проход 1)";"nested data";"Вход-выход";"нет";"";"";"55.940404";"37.520195";"";"действует";"1059382309";"{coordinates=[37.520195, 55.940404], type=Point}";"";
"Долгопрудная (проход 2)";"nested data";"Вход-выход";"нет";"";"";"55.939583";"37.519831";"";"действует";"1059382310";"{coordinates=[37.519831, 55.939583], type=Point}";"";
"Водники (проход 1)";"nested data";"Вход-выход";"нет";"";"";"55.953601";"37.511378";"";"действует";"1059382312";"{coordinates=[37.511378, 55.953601], type=Point}";"";
"Водники (проход 2)";"nested data";"Вход-выход";"нет";"";"";"55.951708";"37.513664";"";"действует";"1059382313";"{coordinates=[37.513664, 55.951708], type=Point}";"";
"Водники (проход 3)";"nested data";"Вход-выход";"нет";"";"";"55.951614";"37.513410";"";"действует";"1059382315";"{coordinates=[37.51341, 55.951614], type=Point}";"";
"Водники (проход 4)";"nested data";"Вход-выход";"нет";"";"";"55.952423";"37.512341";"";"действует";"1059382317";"{coordinates=[37.512341, 55.952423], type=Point}";"";
"Водники (проход 5)";"nested data";"Вход-выход";"нет";"";"";"55.953535";"37.511083";"";"действует";"1059382318";"{coordinates=[37.511083, 55.953535], type=Point}";"";
"Хлебниково (проход 1)";"nested data";"Вход-выход";"нет";"";"";"55.971852";"37.504357";"";"действует";"1059382319";"{coordinates=[37.504357, 55.971852], type=Point}";"";
"Хлебниково (проход 2)";"nested data";"Вход-выход";"нет";"";"";"55.971919";"37.503998";"";"действует";"1059382323";"{coordinates=[37.503998, 55.971919], type=Point}";"";
"Шереметьевская (проход 1)";"nested data";"Вход-выход";"нет";"";"";"55.984638";"37.498575";"";"действует";"1059382324";"{coordinates=[37.498575, 55.984638], type=Point}";"";
"Шереметьевская (проход 2)";"nested data";"Вход-выход";"нет";"";"";"55.982988";"37.499360";"";"действует";"1059382325";"{coordinates=[37.49936, 55.982988], type=Point}";"";
"Шереметьевская (проход 3)";"nested data";"Вход-выход";"нет";"";"";"55.982665";"37.499530";"";"действует";"1059382326";"{coordinates=[37.49953, 55.982665], type=Point}";"";
"Шереметьевская (проход 4)";"nested data";"Вход-выход";"нет";"";"";"55.982632";"37.499247";"";"действует";"1059382327";"{coordinates=[37.499247, 55.982632], type=Point}";"";
"Шереметьевская (проход 5)";"nested data";"Вход-выход";"нет";"";"";"55.982890";"37.499123";"";"действует";"1059382329";"{coordinates=[37.499123, 55.98289], type=Point}";"";
"Лобня (проход 1)";"nested data";"Вход-выход";"нет";"";"";"56.012914";"37.484166";"";"действует";"1059382330";"{coordinates=[37.484166, 56.012914], type=Point}";"";
"Лобня (проход 2)";"nested data";"Вход-выход";"нет";"";"";"56.013099";"37.485436";"";"действует";"1059382331";"{coordinates=[37.485436, 56.013099], type=Point}";"";
"Красный Строитель (проход 1)";"nested data";"Вход-выход";"да";"Южный административный округ";"район Бирюлёво Западное";"55.588983";"37.616344";"";"действует";"1059390544";"{coordinates=[37.616344, 55.588983], type=Point}";"";
"Курская (проход 2)";"nested data";"Вход-выход";"да";"Центральный административный округ";"Басманный район";"55.757008";"37.660459";"";"действует";"1059390869";"{coordinates=[37.660459, 55.757008], type=Point}";"";
"Курская (проход 3)";"nested data";"Вход-выход";"да";"Центральный административный округ";"Басманный район";"55.757398";"37.662776";"";"действует";"1059391620";"{coordinates=[37.662776, 55.757398], type=Point}";"";
"Красный Балтиец (проход 1)";"nested data";"Вход-выход";"да";"Северный административный округ";"район Коптево";"55.815580";"37.525757";"";"действует";"1059392013";"{coordinates=[37.525757, 55.81558], type=Point}";"";
"Красный Балтиец (проход 2)";"nested data";"Вход-выход";"да";"Северный административный округ";"район Коптево";"55.815616";"37.526694";"";"действует";"1059392496";"{coordinates=[37.526694, 55.815616], type=Point}";"";
"Красный Строитель (проход 2)";"nested data";"Вход-выход";"да";"Южный административный округ";"район Чертаново Южное";"55.589072";"37.614550";"";"действует";"1059392577";"{coordinates=[37.61455, 55.589072], type=Point}";"";
"Курская (проход 1)";"nested data";"Вход-выход";"да";"Центральный административный округ";"Басманный район";"55.757650";"37.660150";"";"действует";"1059392626";"{coordinates=[37.66015, 55.75765], type=Point}";"";
"Красный Балтиец (проход 3)";"nested data";"Вход-выход";"да";"Северный административный округ";"район Аэропорт";"55.814008";"37.527208";"";"действует";"1059392904";"{coordinates=[37.527208, 55.814008], type=Point}";"";
"Красный Балтиец (проход 4)";"nested data";"Вход-выход";"да";"Северный административный округ";"район Аэропорт";"55.812799";"37.527131";"";"действует";"1059392914";"{coordinates=[37.527131, 55.812799], type=Point}";"";
"Трикотажная (проход 1)";"nested data";"Вход-выход";"да";"Северо-Западный административный округ";"район Южное Тушино";"55.833555";"37.397191";"";"действует";"1059394854";"{coordinates=[37.397191, 55.833555], type=Point}";"";
"Трикотажная (проход 2)";"nested data";"Вход-выход";"да";"Северо-Западный административный округ";"район Южное Тушино";"55.833268";"37.399059";"";"действует";"1059395325";"{coordinates=[37.399059, 55.833268], type=Point}";"";
"Трикотажная (проход 3)";"nested data";"Вход-выход";"да";"Северо-Западный административный округ";"район Южное Тушино";"55.832972";"37.400800";"";"действует";"1059395326";"{coordinates=[37.4008, 55.832972], type=Point}";"";
"Трикотажная (проход 4)";"nested data";"Вход-выход";"да";"Северо-Западный административный округ";"район Покровское-Стрешнево";"55.833358";"37.396853";"";"действует";"1059787706";"{coordinates=[37.396853, 55.833358], type=Point}";"";
"Трикотажная (проход 5)";"nested data";"Вход-выход";"да";"Северо-Западный административный округ";"район Покровское-Стрешнево";"55.833056";"37.398958";"";"действует";"1059787776";"{coordinates=[37.398958, 55.833056], type=Point}";"";
"Трикотажная (проход 6)";"nested data";"Вход-выход";"да";"Северо-Западный административный округ";"район Покровское-Стрешнево";"55.832794";"37.400413";"";"действует";"1059788618";"{coordinates=[37.400413, 55.832794], type=Point}";"";
"Павшино (проход 2)";"nested data";"Вход-выход";"нет";"";"";"55.814911";"37.342096";"";"действует";"1059870157";"{coordinates=[37.342096, 55.814911], type=Point}";"";
"Дмитровская (проход 6)";"nested data";"Вход-выход";"да";"Северный административный округ";"Савёловский район";"55.807480";"37.576262";"";"действует";"1072022947";"{coordinates=[37.576262, 55.80748], type=Point}";"";
"Дмитровская (проход 7)";"nested data";"Вход-выход";"да";"Северный административный округ";"Тимирязевский район";"55.808258";"37.579305";"";"действует";"1072023249";"{coordinates=[37.579305, 55.808258], type=Point}";"";
"Царицыно (проход 1)";"nested data";"Вход-выход";"да";"Южный административный округ";"район Бирюлёво Восточное";"55.616803";"37.668819";"";"действует";"1072024471";"{coordinates=[37.668819, 55.616803], type=Point}";"";
"Царицыно (проход 6)";"nested data";"Вход-выход";"да";"Южный административный округ";"район Царицыно";"55.618364";"37.668625";"";"действует";"1072025706";"{coordinates=[37.668625, 55.618364], type=Point}";"";
"Царицыно (проход 2)";"nested data";"Вход-выход";"да";"Южный административный округ";"район Царицыно";"55.618695";"37.669113";"";"действует";"1072025778";"{coordinates=[37.669113, 55.618695], type=Point}";"";
"Новодачная (проход 5)";"nested data";"Вход-выход";"нет";"";"";"55.924540";"37.527655";"";"действует";"1072026061";"{coordinates=[37.527655, 55.92454], type=Point}";"";
"Щукинская (проход 1)";"nested data";"Вход-выход";"да";"Северо-Западный административный округ";"район Щукино";"55.810905";"37.461462";"[Щукинская, вход-выход 1 в вестибюль 2, Щукинская, вход-выход 2 в вестибюль 2]";"действует";"1136235537";"{coordinates=[37.461462, 55.810905], type=Point}";"";
"Печатники (проход 8)";"nested data";"Вход-выход";"да";"Юго-Восточный административный округ";"район Печатники";"55.693479";"37.729802";"[Печатники, вход-выход 5 в вестибюль, Печатники, вход-выход 3 в вестибюль, Печатники, вход-выход 4 в вестибюль, Печатники, вход-выход 6 в вестибюль, Печатники, вход-выход 7 в вестибюль]";"действует";"2372361054";"{coordinates=[37.729802, 55.693479], type=Point}";"";
"Печатники (проход 9)";"nested data";"Вход-выход";"да";"Юго-Восточный административный округ";"район Печатники";"55.694107";"37.730014";"[Печатники, вход-выход 5 в вестибюль, Печатники, вход-выход 3 в вестибюль, Печатники, вход-выход 4 в вестибюль, Печатники, вход-выход 6 в вестибюль, Печатники, вход-выход 7 в вестибюль]";"действует";"2372366151";"{coordinates=[37.730014, 55.694107], type=Point}";"";
"Печатники (проход 10)";"nested data";"Вход-выход";"да";"Юго-Восточный административный округ";"район Текстильщики";"55.693853";"37.733094";"Печатники, вход-выход 4 в вестибюль";"действует";"2389385287";"{coordinates=[37.733094, 55.693853], type=Point}";"";
"Марьина Роща (проход 1)";"nested data";"Вход-выход";"да";"Северо-Восточный административный округ";"район Марьина Роща";"55.801138";"37.618563";"";"действует";"2577804759";"{coordinates=[37.618563, 55.801138], type=Point}";"";
"Марьина Роща (проход 2)";"nested data";"Вход-выход";"да";"Северо-Восточный административный округ";"район Марьина Роща";"55.800167";"37.618497";"";"действует";"2577804780";"{coordinates=[37.618497, 55.800167], type=Point}";"";
"Зеленоград - Крюково (проход 4)";"nested data";"Вход-выход";"да";"Зеленоградский административный округ";"район Крюково";"55.979866";"37.172629";"";"действует";"2609508530";"{coordinates=[37.172629, 55.979866], type=Point}";"";
"Зеленоград - Крюково (проход 7)";"nested data";"Вход-выход";"да";"Зеленоградский административный округ";"район Старое Крюково";"55.980824";"37.174586";"";"действует";"2609508531";"{coordinates=[37.174586, 55.980824], type=Point}";"";
"Зеленоград - Крюково (проход 8)";"nested data";"Вход-выход";"да";"Зеленоградский административный округ";"район Старое Крюково";"55.980706";"37.174906";"";"действует";"2609508533";"{coordinates=[37.174906, 55.980706], type=Point}";"";
"Зеленоград - Крюково (проход 9)";"nested data";"Вход-выход";"да";"Зеленоградский административный округ";"район Старое Крюково";"55.980527";"37.175104";"";"действует";"2609508536";"{coordinates=[37.175104, 55.980527], type=Point}";"";
"Фирсановская (проход 1)";"nested data";"Вход-выход";"нет";"";"";"55.960654";"37.251152";"";"действует";"2609508757";"{coordinates=[37.251152, 55.960654], type=Point}";"";
"Фирсановская (проход 2)";"nested data";"Вход-выход";"нет";"";"";"55.960401";"37.249687";"";"действует";"2609508760";"{coordinates=[37.249687, 55.960401], type=Point}";"";
"Сходня (проход 1)";"nested data";"Вход-выход";"нет";"";"";"55.949406";"37.299389";"";"действует";"2609508865";"{coordinates=[37.299389, 55.949406], type=Point}";"";
"Сходня (проход 2) (А)";"nested data";"Вход-выход";"нет";"";"";"55.949445";"37.299022";"";"действует";"2609508872";"{coordinates=[37.299022, 55.949445], type=Point}";"";
"Сходня (проход 2) (Б)";"nested data";"Вход-выход";"нет";"";"";"55.950185";"37.297774";"";"действует";"2609508887";"{coordinates=[37.297774, 55.950185], type=Point}";"";
"Сходня (проход 4)";"nested data";"Вход-выход";"нет";"";"";"55.949960";"37.299061";"";"действует";"2609508890";"{coordinates=[37.299061, 55.94996], type=Point}";"";
"Сходня (проход 5)";"nested data";"Вход-выход";"нет";"";"";"55.949827";"37.299673";"";"действует";"2609508892";"{coordinates=[37.299673, 55.949827], type=Point}";"";
"Сходня (проход 6)";"nested data";"Вход-выход";"нет";"";"";"55.950312";"37.297042";"";"действует";"2609508907";"{coordinates=[37.297042, 55.950312], type=Point}";"";
"Подрезково (проход 1)";"nested data";"Вход-выход";"нет";"";"";"55.942506";"37.332638";"";"действует";"2609508909";"{coordinates=[37.332638, 55.942506], type=Point}";"";
"Подрезково (проход 2)";"nested data";"Вход-выход";"нет";"";"";"55.942073";"37.332350";"";"действует";"2609508917";"{coordinates=[37.33235, 55.942073], type=Point}";"";
"Новоподрезково (проход 1)";"nested data";"Вход-выход";"да";"Северный административный округ";"Молжаниновский район";"55.936501";"37.352896";"";"действует";"2609509391";"{coordinates=[37.352896, 55.936501], type=Point}";"";
"Новоподрезково (проход 2)";"nested data";"Вход-выход";"да";"Северный административный округ";"Молжаниновский район";"55.936277";"37.352235";"";"действует";"2609509401";"{coordinates=[37.352235, 55.936277], type=Point}";"";
"Молжаниново (проход 1)";"nested data";"Вход-выход";"да";"Северный административный округ";"Молжаниновский район";"55.924634";"37.381254";"";"действует";"2609509425";"{coordinates=[37.381254, 55.924634], type=Point}";"";
"Молжаниново (проход 2)";"nested data";"Вход-выход";"да";"Северный административный округ";"Молжаниновский район";"55.924201";"37.380659";"";"действует";"2609509433";"{coordinates=[37.380659, 55.924201], type=Point}";"";
"Химки (проход 1)";"nested data";"Вход-выход";"нет";"";"";"55.894306";"37.452631";"";"действует";"2609509458";"{coordinates=[37.452631, 55.894306], type=Point}";"";
"Химки (проход 2)";"nested data";"Вход-выход";"нет";"";"";"55.894408";"37.452339";"";"действует";"2609509460";"{coordinates=[37.452339, 55.894408], type=Point}";"";
"Химки (проход 3)";"nested data";"Вход-выход";"нет";"";"";"55.894623";"37.451825";"";"действует";"2609509461";"{coordinates=[37.451825, 55.894623], type=Point}";"";
"Химки (проход 4)";"nested data";"Вход-выход";"нет";"";"";"55.894097";"37.451491";"";"действует";"2609509464";"{coordinates=[37.451491, 55.894097], type=Point}";"";
"Левобережная (проход 1)";"nested data";"Вход-выход";"нет";"";"";"55.886916";"37.469802";"";"действует";"2609509467";"{coordinates=[37.469802, 55.886916], type=Point}";"";
"Левобережная (проход 2)";"nested data";"Вход-выход";"нет";"";"";"55.887040";"37.468404";"";"действует";"2609509469";"{coordinates=[37.468404, 55.88704], type=Point}";"";
"Ховрино (проход 1)";"nested data";"Вход-выход";"да";"Северный административный округ";"район Западное Дегунино";"55.880275";"37.485612";"";"действует";"2609509486";"{coordinates=[37.485612, 55.880275], type=Point}";"";
"Ховрино (проход 2)";"nested data";"Вход-выход";"да";"Северный административный округ";"район Ховрино";"55.879644";"37.484485";"";"действует";"2609509487";"{coordinates=[37.484485, 55.879644], type=Point}";"";
"Грачёвская (проход 1)";"nested data";"Вход-выход";"да";"Северный административный округ";"район Ховрино";"55.869871";"37.507462";"";"действует";"2609509488";"{coordinates=[37.507462, 55.869871], type=Point}";"";
"Грачёвская (проход 2)";"nested data";"Вход-выход";"да";"Северный административный округ";"район Западное Дегунино";"55.870641";"37.508519";"";"действует";"2609509490";"{coordinates=[37.508519, 55.870641], type=Point}";"";
"Моссельмаш (проход 1)";"nested data";"Вход-выход";"да";"Северный административный округ";"Головинский район";"55.861626";"37.525231";"";"действует";"2609509495";"{coordinates=[37.525231, 55.861626], type=Point}";"";
"Моссельмаш (проход 2)";"nested data";"Вход-выход";"да";"Северный административный округ";"район Западное Дегунино";"55.863288";"37.527969";"";"действует";"2609509496";"{coordinates=[37.527969, 55.863288], type=Point}";"";
"Лихоборы (проход 1)";"nested data";"Вход-выход";"да";"Северный административный округ";"Головинский район";"55.848527";"37.552228";"";"действует";"2609509519";"{coordinates=[37.552228, 55.848527], type=Point}";"";
"Лихоборы (проход 2)";"nested data";"Вход-выход";"да";"Северный административный округ";"район Западное Дегунино";"55.849623";"37.553706";"";"действует";"2609509520";"{coordinates=[37.553706, 55.849623], type=Point}";"";
"Петровско-Разумовская (проход 1)";"nested data";"Вход-выход";"да";"Северный административный округ";"Тимирязевский район";"55.839470";"37.568566";"";"действует";"2609509523";"{coordinates=[37.568566, 55.83947], type=Point}";"";
"Петровско-Разумовская (проход 7) (А)";"nested data";"Вход-выход";"да";"Северный административный округ";"Тимирязевский район";"55.839615";"37.569128";"";"действует";"2609509524";"{coordinates=[37.569128, 55.839615], type=Point}";"";
"Останкино (проход 1)";"nested data";"Вход-выход";"да";"Северо-Восточный административный округ";"район Марфино";"55.817897";"37.603070";"";"действует";"2609509540";"{coordinates=[37.60307, 55.817897], type=Point}";"";
"Останкино (проход 2)";"nested data";"Вход-выход";"да";"Северо-Восточный административный округ";"Останкинский район";"55.817728";"37.603328";"";"действует";"2609509544";"{coordinates=[37.603328, 55.817728], type=Point}";"";
"Останкино (проход 3)";"nested data";"Вход-выход";"да";"Северо-Восточный административный округ";"Останкинский район";"55.817457";"37.603753";"";"действует";"2609509545";"{coordinates=[37.603753, 55.817457], type=Point}";"";
"Останкино (проход 4)";"nested data";"Вход-выход";"да";"Северо-Восточный административный округ";"Бутырский район";"55.817235";"37.603308";"";"действует";"2609509546";"{coordinates=[37.603308, 55.817235], type=Point}";"";
"Останкино (проход 5)";"nested data";"Вход-выход";"да";"Северо-Восточный административный округ";"Бутырский район";"55.817507";"37.602897";"";"действует";"2609509547";"{coordinates=[37.602897, 55.817507], type=Point}";"";
"Останкино (проход 6)";"nested data";"Вход-выход";"да";"Северо-Восточный административный округ";"Бутырский район";"55.817691";"37.602538";"";"действует";"2609509548";"{coordinates=[37.602538, 55.817691], type=Point}";"";
"Электрозаводская (проход 3)";"nested data";"Вход-выход";"да";"Центральный административный округ";"Басманный район";"55.781091";"37.705060";"";"действует";"2609509573";"{coordinates=[37.70506, 55.781091], type=Point}";"";
"Электрозаводская (проход 4)";"nested data";"Вход-выход";"да";"Восточный административный округ";"район Соколиная Гора";"55.781330";"37.705287";"";"действует";"2609509577";"{coordinates=[37.705287, 55.78133], type=Point}";"";
"Сортировочная (проход 1)";"nested data";"Вход-выход";"да";"Восточный административный округ";"район Соколиная Гора";"55.762850";"37.721191";"";"действует";"2609509603";"{coordinates=[37.721191, 55.76285], type=Point}";"";
"Сортировочная (проход 2)";"nested data";"Вход-выход";"да";"Юго-Восточный административный округ";"район Лефортово";"55.762888";"37.720431";"";"действует";"2609509604";"{coordinates=[37.720431, 55.762888], type=Point}";"";
"Сортировочная (проход 3)";"nested data";"Вход-выход";"да";"Юго-Восточный административный округ";"район Лефортово";"55.763476";"37.720514";"";"действует";"2609509606";"{coordinates=[37.720514, 55.763476], type=Point}";"";
"Авиамоторная (проход 1)";"nested data";"Вход-выход";"да";"Восточный административный округ";"район Перово";"55.751068";"37.721183";"";"действует";"2609509610";"{coordinates=[37.721183, 55.751068], type=Point}";"";
"Авиамоторная (проход 2)";"nested data";"Вход-выход";"да";"Юго-Восточный административный округ";"район Лефортово";"55.750326";"37.721421";"";"действует";"2609509611";"{coordinates=[37.721421, 55.750326], type=Point}";"";
"Авиамоторная (проход 3)";"nested data";"Вход-выход";"да";"Юго-Восточный административный округ";"район Лефортово";"55.751047";"37.720389";"";"действует";"2609509627";"{coordinates=[37.720389, 55.751047], type=Point}";"";
"Андроновка (проход 3)";"nested data";"Вход-выход";"да";"Восточный административный округ";"район Перово";"55.745726";"37.738718";"";"действует";"2609509628";"{coordinates=[37.738718, 55.745726], type=Point}";"";
"Андроновка (проход 4)";"nested data";"Вход-выход";"да";"Юго-Восточный административный округ";"Нижегородский район";"55.745287";"37.738669";"";"действует";"2609509630";"{coordinates=[37.738669, 55.745287], type=Point}";"";
"Андроновка (проход 5)";"nested data";"Вход-выход";"да";"Юго-Восточный административный округ";"Нижегородский район";"55.744857";"37.739813";"";"действует";"2609509632";"{coordinates=[37.739813, 55.744857], type=Point}";"";
"Перово (проход 1)";"nested data";"Вход-выход";"да";"Юго-Восточный административный округ";"Нижегородский район";"55.736355";"37.762795";"";"действует";"2609509634";"{coordinates=[37.762795, 55.736355], type=Point}";"";
"Перово (проход 2)";"nested data";"Вход-выход";"да";"Восточный административный округ";"район Перово";"55.736677";"37.763026";"";"действует";"2609509635";"{coordinates=[37.763026, 55.736677], type=Point}";"";
"Перово (проход 3)";"nested data";"Вход-выход";"да";"Восточный административный округ";"район Перово";"55.737317";"37.764295";"";"действует";"2609509639";"{coordinates=[37.764295, 55.737317], type=Point}";"";
"Перово (проход 4)";"nested data";"Вход-выход";"да";"Юго-Восточный административный округ";"Нижегородский район";"55.735856";"37.763480";"";"действует";"2609509641";"{coordinates=[37.76348, 55.735856], type=Point}";"";
"Плющево (проход 1)";"nested data";"Вход-выход";"да";"Восточный административный округ";"район Вешняки";"55.730613";"37.777349";"";"действует";"2609509645";"{coordinates=[37.777349, 55.730613], type=Point}";"";
"Плющево (проход 2)";"nested data";"Вход-выход";"да";"Юго-Восточный административный округ";"Рязанский район";"55.729971";"37.775666";"";"действует";"2609509677";"{coordinates=[37.775666, 55.729971], type=Point}";"";
"Плющево (проход 3)";"nested data";"Вход-выход";"да";"Юго-Восточный административный округ";"Рязанский район";"55.730257";"37.775036";"";"действует";"2609509679";"{coordinates=[37.775036, 55.730257], type=Point}";"";
"Вешняки (проход 1)";"nested data";"Вход-выход";"да";"Юго-Восточный административный округ";"Рязанский район";"55.722638";"37.797181";"";"действует";"2609509682";"{coordinates=[37.797181, 55.722638], type=Point}";"";
"Вешняки (проход 2)";"nested data";"Вход-выход";"да";"Восточный административный округ";"район Вешняки";"55.723569";"37.797325";"";"действует";"2609509684";"{coordinates=[37.797325, 55.723569], type=Point}";"";
"Выхино (проход 6)";"nested data";"Вход-выход";"да";"Юго-Восточный административный округ";"район Выхино-Жулебино";"55.716090";"37.816069";"";"действует";"2609509686";"{coordinates=[37.816069, 55.71609], type=Point}";"";
"Выхино (проход 7)";"nested data";"Вход-выход";"да";"Восточный административный округ";"район Вешняки";"55.716543";"37.817298";"";"действует";"2609509687";"{coordinates=[37.817298, 55.716543], type=Point}";"";
"Косино (проход 8)";"nested data";"Вход-выход";"да";"Юго-Восточный административный округ";"район Выхино-Жулебино";"55.705639";"37.847758";"";"действует";"2609509688";"{coordinates=[37.847758, 55.705639], type=Point}";"";
"Косино (проход 9)";"nested data";"Вход-выход";"да";"Восточный административный округ";"район Косино-Ухтомский";"55.705699";"37.848937";"";"действует";"2609509689";"{coordinates=[37.848937, 55.705699], type=Point}";"";
"Ухтомская (проход 1)";"nested data";"Вход-выход";"нет";"";"";"55.698590";"37.865046";"";"действует";"2609509691";"{coordinates=[37.865046, 55.69859], type=Point}";"";
"Ухтомская (проход 2)";"nested data";"Вход-выход";"нет";"";"";"55.698370";"37.864683";"";"действует";"2609509692";"{coordinates=[37.864683, 55.69837], type=Point}";"";
"Ухтомская (проход 3)";"nested data";"Вход-выход";"нет";"";"";"55.698739";"37.863812";"";"действует";"2609509693";"{coordinates=[37.863812, 55.698739], type=Point}";"";
"Люберцы (проход 1)";"nested data";"Вход-выход";"нет";"";"";"55.681754";"37.897042";"";"действует";"2609509709";"{coordinates=[37.897042, 55.681754], type=Point}";"";
"Панки (проход 1)";"nested data";"Вход-выход";"нет";"";"";"55.668677";"37.924904";"";"действует";"2609509710";"{coordinates=[37.924904, 55.668677], type=Point}";"";
"Панки (проход 2)";"nested data";"Вход-выход";"нет";"";"";"55.668511";"37.925233";"";"действует";"2609509711";"{coordinates=[37.925233, 55.668511], type=Point}";"";
"Панки (проход 3)";"nested data";"Вход-выход";"нет";"";"";"55.667859";"37.924304";"";"действует";"2609509713";"{coordinates=[37.924304, 55.667859], type=Point}";"";
"Панки (проход 4)";"nested data";"Вход-выход";"нет";"";"";"55.667992";"37.923855";"";"действует";"2609509714";"{coordinates=[37.923855, 55.667992], type=Point}";"";
"Панки (проход 5)";"nested data";"Вход-выход";"нет";"";"";"55.668227";"37.923386";"";"действует";"2609509716";"{coordinates=[37.923386, 55.668227], type=Point}";"";
"Панки (проход 6)";"nested data";"Вход-выход";"нет";"";"";"55.668401";"37.923041";"";"действует";"2609509719";"{coordinates=[37.923041, 55.668401], type=Point}";"";
"Томилино (проход 1)";"nested data";"Вход-выход";"нет";"";"";"55.655580";"37.952452";"";"действует";"2609509723";"{coordinates=[37.952452, 55.65558], type=Point}";"";
"Томилино (проход 2)";"nested data";"Вход-выход";"нет";"";"";"55.655975";"37.952929";"";"действует";"2609509726";"{coordinates=[37.952929, 55.655975], type=Point}";"";
"Красково (проход 1)";"nested data";"Вход-выход";"нет";"";"";"55.650243";"37.981902";"";"действует";"2609509744";"{coordinates=[37.981902, 55.650243], type=Point}";"";
"Красково (проход 2)";"nested data";"Вход-выход";"нет";"";"";"55.650124";"37.982548";"";"действует";"2609509746";"{coordinates=[37.982548, 55.650124], type=Point}";"";
"Красково (проход 3)";"nested data";"Вход-выход";"нет";"";"";"55.649697";"37.981839";"";"действует";"2609509749";"{coordinates=[37.981839, 55.649697], type=Point}";"";
"Малаховка (проход 1)";"nested data";"Вход-выход";"нет";"";"";"55.645209";"38.009501";"";"действует";"2609509752";"{coordinates=[38.009501, 55.645209], type=Point}";"";
"Малаховка (проход 2)";"nested data";"Вход-выход";"нет";"";"";"55.644870";"38.009272";"";"действует";"2609509753";"{coordinates=[38.009272, 55.64487], type=Point}";"";
"Малаховка (проход 3)";"nested data";"Вход-выход";"нет";"";"";"55.644916";"38.009064";"";"действует";"2609509755";"{coordinates=[38.009064, 55.644916], type=Point}";"";
"Малаховка (проход 4)";"nested data";"Вход-выход";"нет";"";"";"55.645583";"38.005418";"";"действует";"2609509757";"{coordinates=[38.005418, 55.645583], type=Point}";"";
"Малаховка (проход 5)";"nested data";"Вход-выход";"нет";"";"";"55.646026";"38.005683";"";"действует";"2609509759";"{coordinates=[38.005683, 55.646026], type=Point}";"";
"Удельная (проход 1)";"nested data";"Вход-выход";"нет";"";"";"55.634363";"38.044481";"";"действует";"2609509955";"{coordinates=[38.044481, 55.634363], type=Point}";"";
"Удельная (проход 2)";"nested data";"Вход-выход";"нет";"";"";"55.634733";"38.044826";"";"действует";"2609509971";"{coordinates=[38.044826, 55.634733], type=Point}";"";
"Быково (проход 1)";"nested data";"Вход-выход";"нет";"";"";"55.626321";"38.073095";"";"действует";"2609509974";"{coordinates=[38.073095, 55.626321], type=Point}";"";
"Быково (проход 2)";"nested data";"Вход-выход";"нет";"";"";"55.626234";"38.073383";"";"действует";"2609509976";"{coordinates=[38.073383, 55.626234], type=Point}";"";
"Быково (проход 5)";"nested data";"Вход-выход";"нет";"";"";"55.626352";"38.070836";"";"действует";"2609509978";"{coordinates=[38.070836, 55.626352], type=Point}";"";
"Ильинская (проход 1)";"nested data";"Вход-выход";"нет";"";"";"55.615684";"38.102679";"";"действует";"2609509981";"{coordinates=[38.102679, 55.615684], type=Point}";"";
"Ильинская (проход 2)";"nested data";"Вход-выход";"нет";"";"";"55.615182";"38.102867";"";"действует";"2609509983";"{coordinates=[38.102867, 55.615182], type=Point}";"";
"Ильинская (проход 3)";"nested data";"Вход-выход";"нет";"";"";"55.615459";"38.102143";"";"действует";"2609509986";"{coordinates=[38.102143, 55.615459], type=Point}";"";
"Отдых (проход 1)";"nested data";"Вход-выход";"нет";"";"";"55.601326";"38.135572";"";"действует";"2609509987";"{coordinates=[38.135572, 55.601326], type=Point}";"";
"Отдых (проход 2)";"nested data";"Вход-выход";"нет";"";"";"55.602095";"38.136274";"";"действует";"2609514727";"{coordinates=[38.136274, 55.602095], type=Point}";"";
"Отдых (проход 3)";"nested data";"Вход-выход";"нет";"";"";"55.601941";"38.136635";"";"действует";"2609517569";"{coordinates=[38.136635, 55.601941], type=Point}";"";
"Кратово (проход 1)";"nested data";"Вход-выход";"нет";"";"";"55.591325";"38.162338";"";"действует";"2609526989";"{coordinates=[38.162338, 55.591325], type=Point}";"";
"Кратово (проход 2)";"nested data";"Вход-выход";"нет";"";"";"55.590973";"38.161887";"";"действует";"2609531901";"{coordinates=[38.161887, 55.590973], type=Point}";"";
"Кратово (проход 3)";"nested data";"Вход-выход";"нет";"";"";"55.592781";"38.157600";"";"действует";"2609536359";"{coordinates=[38.1576, 55.592781], type=Point}";"";
"Кратово (проход 4)";"nested data";"Вход-выход";"нет";"";"";"55.593046";"38.157954";"";"действует";"2609539774";"{coordinates=[38.157954, 55.593046], type=Point}";"";
"Есенинская (проход 1)";"nested data";"Вход-выход";"нет";"";"";"55.581759";"38.185527";"";"действует";"2609540350";"{coordinates=[38.185527, 55.581759], type=Point}";"";
"Есенинская (проход 2)";"nested data";"Вход-выход";"нет";"";"";"55.581461";"38.185136";"";"действует";"2609540856";"{coordinates=[38.185136, 55.581461], type=Point}";"";
"Есенинская (проход 3)";"nested data";"Вход-выход";"нет";"";"";"55.583166";"38.181249";"";"действует";"2609542966";"{coordinates=[38.181249, 55.583166], type=Point}";"";
"Есенинская (проход 4)";"nested data";"Вход-выход";"нет";"";"";"55.583433";"38.181586";"";"действует";"2609544742";"{coordinates=[38.181586, 55.583433], type=Point}";"";
"Фабричная (проход 1)";"nested data";"Вход-выход";"нет";"";"";"55.572612";"38.206788";"";"действует";"2609547795";"{coordinates=[38.206788, 55.572612], type=Point}";"";
"Фабричная (проход 2)";"nested data";"Вход-выход";"нет";"";"";"55.573275";"38.206304";"";"действует";"2609548329";"{coordinates=[38.206304, 55.573275], type=Point}";"";
"Фабричная (проход 3)";"nested data";"Вход-выход";"нет";"";"";"55.572935";"38.207128";"";"действует";"2609548769";"{coordinates=[38.207128, 55.572935], type=Point}";"";
"Фабричная (проход 4)";"nested data";"Вход-выход";"нет";"";"";"55.571925";"38.209578";"";"действует";"2609549649";"{coordinates=[38.209578, 55.571925], type=Point}";"";
"Раменское (проход 1)";"nested data";"Вход-выход";"нет";"";"";"55.565552";"38.226268";"";"действует";"2609550727";"{coordinates=[38.226268, 55.565552], type=Point}";"";
"Раменское (проход 2)";"nested data";"Вход-выход";"нет";"";"";"55.565759";"38.225804";"";"действует";"2609551874";"{coordinates=[38.225804, 55.565759], type=Point}";"";
"Раменское (проход 3)";"nested data";"Вход-выход";"нет";"";"";"55.565864";"38.225510";"";"действует";"2609553457";"{coordinates=[38.22551, 55.565864], type=Point}";"";
"Раменское (проход 4)";"nested data";"Вход-выход";"нет";"";"";"55.565177";"38.224584";"";"действует";"2609554827";"{coordinates=[38.224584, 55.565177], type=Point}";"";
"Раменское (проход 5)";"nested data";"Вход-выход";"нет";"";"";"55.564988";"38.225124";"";"действует";"2609555434";"{coordinates=[38.225124, 55.564988], type=Point}";"";
"Раменское (проход 6)";"nested data";"Вход-выход";"нет";"";"";"55.564333";"38.227206";"";"действует";"2609556028";"{coordinates=[38.227206, 55.564333], type=Point}";"";
"Ипподром (проход 1)";"nested data";"Вход-выход";"нет";"";"";"55.559710";"38.240614";"";"действует";"2609556636";"{coordinates=[38.240614, 55.55971], type=Point}";"";
"Щукинская (проход 2)";"nested data";"Вход-выход";"да";"Северо-Западный административный округ";"район Покровское-Стрешнево";"55.811347";"37.459365";"";"действует";"2609705751";"{coordinates=[37.459365, 55.811347], type=Point}";"";
"Бутово (проход 5)";"nested data";"Вход-выход";"да";"Юго-Западный административный округ";"район Южное Бутово";"55.540177";"37.570149";"";"действует";"2609706928";"{coordinates=[37.570149, 55.540177], type=Point}";"";
"Бутово (проход 6)";"nested data";"Вход-выход";"да";"Юго-Западный административный округ";"район Южное Бутово";"55.542483";"37.570636";"";"действует";"2609707006";"{coordinates=[37.570636, 55.542483], type=Point}";"";
"Окружная (проход 7)";"nested data";"Вход-выход";"да";"Северо-Восточный административный округ";"район Отрадное";"55.849782";"37.574251";"";"действует";"2611886923";"{coordinates=[37.574251, 55.849782], type=Point}";"";
"Окружная (проход 8)";"nested data";"Вход-выход";"да";"Северо-Восточный административный округ";"район Отрадное";"55.849828";"37.573957";"";"действует";"2611886925";"{coordinates=[37.573957, 55.849828], type=Point}";"";
"Сетунь (проход 3)";"nested data";"Вход-выход";"да";"Западный административный округ";"Можайский район";"55.724157";"37.399078";"";"действует";"2611910597";"{coordinates=[37.399078, 55.724157], type=Point}";"";
"Сетунь (проход 4)";"nested data";"Вход-выход";"да";"Западный административный округ";"Можайский район";"55.723894";"37.398320";"";"действует";"2611910638";"{coordinates=[37.39832, 55.723894], type=Point}";"";
"Сетунь (проход 5)";"nested data";"Вход-выход";"да";"Западный административный округ";"Можайский район";"55.724248";"37.397942";"";"действует";"2611910679";"{coordinates=[37.397942, 55.724248], type=Point}";"";
"Сетунь (проход 6)";"nested data";"Вход-выход";"да";"Западный административный округ";"Можайский район";"55.724499";"37.398701";"";"действует";"2611910726";"{coordinates=[37.398701, 55.724499], type=Point}";"";
"Плющево (проход 4)";"nested data";"Вход-выход";"да";"Юго-Восточный административный округ";"Рязанский район";"55.730863";"37.773794";"";"действует";"2612977896";"{coordinates=[37.773794, 55.730863], type=Point}";"";
"Площадь трёх вокзалов (проход 2)";"nested data";"Вход-выход";"да";"Центральный административный округ";"Красносельский район";"55.774953";"37.652310";"";"действует";"2616735207";"{coordinates=[37.65231, 55.774953], type=Point}";"";
"Апрелевка (проход 1)";"nested data";"Вход-выход";"нет";"";"";"55.550905";"37.067172";"";"действует";"2616744333";"{coordinates=[37.067172, 55.550905], type=Point}";"";
"Апрелевка (проход 2)";"nested data";"Вход-выход";"нет";"";"";"55.550055";"37.067772";"";"действует";"2616744461";"{coordinates=[37.067772, 55.550055], type=Point}";"";
"Апрелевка (проход 3)";"nested data";"Вход-выход";"нет";"";"";"55.550381";"37.068569";"";"действует";"2616744569";"{coordinates=[37.068569, 55.550381], type=Point}";"";
"Победа (проход 1)";"nested data";"Вход-выход";"нет";"";"";"55.566199";"37.092154";"";"действует";"2616744673";"{coordinates=[37.092154, 55.566199], type=Point}";"";
"Победа (проход 2)";"nested data";"Вход-выход";"нет";"";"";"55.565943";"37.093307";"";"действует";"2616744812";"{coordinates=[37.093307, 55.565943], type=Point}";"";
"Крёкшино (проход 1)";"nested data";"Вход-выход";"да";"Новомосковский административный округ";"район Внуково";"55.578658";"37.111131";"";"действует";"2616745035";"{coordinates=[37.111131, 55.578658], type=Point}";"";
"Санино (проход 1)";"nested data";"Вход-выход";"да";"Новомосковский административный округ";"район Внуково";"55.583504";"37.133975";"";"действует";"2616745430";"{coordinates=[37.133975, 55.583504], type=Point}";"";
"Крёкшино (проход 2)";"nested data";"Вход-выход";"да";"Новомосковский административный округ";"район Внуково";"55.578242";"37.111681";"";"действует";"2616745564";"{coordinates=[37.111681, 55.578242], type=Point}";"";
"Санино (проход 2)";"nested data";"Вход-выход";"да";"Новомосковский административный округ";"район Внуково";"55.582964";"37.134171";"";"действует";"2616745694";"{coordinates=[37.134171, 55.582964], type=Point}";"";
"Кокошкино (проход 1)";"nested data";"Вход-выход";"да";"Новомосковский административный округ";"район Внуково";"55.598742";"37.169922";"";"действует";"2616745940";"{coordinates=[37.169922, 55.598742], type=Point}";"";
"Кокошкино (проход 2)";"nested data";"Вход-выход";"да";"Новомосковский административный округ";"район Внуково";"55.598960";"37.169553";"";"действует";"2616746091";"{coordinates=[37.169553, 55.59896], type=Point}";"";
"Толстопальцево (проход 1)";"nested data";"Вход-выход";"да";"Новомосковский административный округ";"район Внуково";"55.607486";"37.185160";"";"действует";"2616746284";"{coordinates=[37.18516, 55.607486], type=Point}";"";
"Толстопальцево (проход 2)";"nested data";"Вход-выход";"да";"Новомосковский административный округ";"район Внуково";"55.607054";"37.185774";"";"действует";"2616746381";"{coordinates=[37.185774, 55.607054], type=Point}";"";
"Лесной городок (проход 1)";"nested data";"Вход-выход";"нет";"";"";"55.631711";"37.217622";"";"действует";"2616746611";"{coordinates=[37.217622, 55.631711], type=Point}";"";
"Лесной городок (проход 2)";"nested data";"Вход-выход";"нет";"";"";"55.631749";"37.218662";"";"действует";"2616746735";"{coordinates=[37.218662, 55.631749], type=Point}";"";
"Внуково (проход 1)";"nested data";"Вход-выход";"да";"Новомосковский административный округ";"район Внуково";"55.649290";"37.271587";"";"действует";"2616746815";"{coordinates=[37.271587, 55.64929], type=Point}";"";
"Внуково (проход 2)";"nested data";"Вход-выход";"да";"Новомосковский административный округ";"район Внуково";"55.648562";"37.270142";"";"действует";"2616746931";"{coordinates=[37.270142, 55.648562], type=Point}";"";
"Мичуринец (проход 1)";"nested data";"Вход-выход";"да";"Новомосковский административный округ";"район Внуково";"55.646454";"37.316633";"";"действует";"2616747086";"{coordinates=[37.316633, 55.646454], type=Point}";"";
"Мичуринец (проход 2)";"nested data";"Вход-выход";"да";"Новомосковский административный округ";"район Внуково";"55.645754";"37.315951";"";"действует";"2616747120";"{coordinates=[37.315951, 55.645754], type=Point}";"";
"Переделкино (проход 1)";"nested data";"Вход-выход";"да";"Западный административный округ";"район Ново-Переделкино";"55.655890";"37.354599";"";"действует";"2616902276";"{coordinates=[37.354599, 55.65589], type=Point}";"";
"Переделкино (проход 2)";"nested data";"Вход-выход";"да";"Западный административный округ";"район Ново-Переделкино";"55.656435";"37.353774";"";"действует";"2616902693";"{coordinates=[37.353774, 55.656435], type=Point}";"";
"Новопеределкино (проход 1)";"nested data";"Вход-выход";"да";"Западный административный округ";"район Солнцево";"55.638996";"37.381378";"";"действует";"2616903315";"{coordinates=[37.381378, 55.638996], type=Point}";"";
"Солнечная (проход 1) (А)";"nested data";"Вход-выход";"да";"Западный административный округ";"район Солнцево";"55.656377";"37.383787";"";"действует";"2616904115";"{coordinates=[37.383787, 55.656377], type=Point}";"";
"Солнечная (проход 1) (Б)";"nested data";"Вход-выход";"да";"Западный административный округ";"район Солнцево";"55.656460";"37.384307";"";"действует";"2616904526";"{coordinates=[37.384307, 55.65646], type=Point}";"";
"Солнечная (проход 2)";"nested data";"Вход-выход";"да";"Западный административный округ";"район Солнцево";"55.657476";"37.382648";"";"действует";"2616904856";"{coordinates=[37.382648, 55.657476], type=Point}";"";
"Мещерская (проход 1)";"nested data";"Вход-выход";"да";"Западный административный округ";"район Солнцево";"55.667150";"37.425124";"";"действует";"2616905364";"{coordinates=[37.425124, 55.66715], type=Point}";"";
"Мещерская (проход 2)";"nested data";"Вход-выход";"да";"Западный административный округ";"район Солнцево";"55.666763";"37.425319";"";"действует";"2616905787";"{coordinates=[37.425319, 55.666763], type=Point}";"";
"Очаково (проход 1)";"nested data";"Вход-выход";"да";"Западный административный округ";"район Очаково-Матвеевское";"55.682830";"37.451359";"";"действует";"2616906218";"{coordinates=[37.451359, 55.68283], type=Point}";"";
"Очаково (проход 2)";"nested data";"Вход-выход";"да";"Западный административный округ";"район Очаково-Матвеевское";"55.683566";"37.450011";"";"действует";"2616906712";"{coordinates=[37.450011, 55.683566], type=Point}";"";
"Аминьевская (проход 1)";"nested data";"Вход-выход";"да";"Западный административный округ";"район Очаково-Матвеевское";"55.696860";"37.467190";"";"действует";"2616907315";"{coordinates=[37.46719, 55.69686], type=Point}";"";
"Матвеевская (проход 1)";"nested data";"Вход-выход";"да";"Западный административный округ";"район Очаково-Матвеевское";"55.704944";"37.481631";"";"действует";"2616907591";"{coordinates=[37.481631, 55.704944], type=Point}";"";
"Минская (проход 3)";"nested data";"Вход-выход";"да";"Западный административный округ";"район Дорогомилово";"55.723288";"37.498493";"";"действует";"2616908030";"{coordinates=[37.498493, 55.723288], type=Point}";"";
"Поклонная (проход 1)";"nested data";"Вход-выход";"да";"Западный административный округ";"район Дорогомилово";"55.732352";"37.520823";"";"действует";"2616908414";"{coordinates=[37.520823, 55.732352], type=Point}";"";
"Поклонная (проход 2)";"nested data";"Вход-выход";"да";"Западный административный округ";"район Раменки";"55.731577";"37.522016";"";"действует";"2616908609";"{coordinates=[37.522016, 55.731577], type=Point}";"";
"Кутузовская (проход 6)";"nested data";"Вход-выход";"да";"Западный административный округ";"район Дорогомилово";"55.740946";"37.533579";"";"действует";"2616909077";"{coordinates=[37.533579, 55.740946], type=Point}";"";
"Москва-Сити (проход 4)";"nested data";"Вход-выход";"да";"Центральный административный округ";"Пресненский район";"55.748002";"37.532927";"";"действует";"2616909745";"{coordinates=[37.532927, 55.748002], type=Point}";"";
"Савёловская (проход 3)";"nested data";"Вход-выход";"да";"Северо-Восточный административный округ";"район Марьина Роща";"55.794038";"37.590014";"";"действует";"2616930414";"{coordinates=[37.590014, 55.794038], type=Point}";"";
"Савёловская (проход 4)";"nested data";"Вход-выход";"да";"Северо-Восточный административный округ";"район Марьина Роща";"55.794388";"37.590345";"";"действует";"2616930772";"{coordinates=[37.590345, 55.794388], type=Point}";"";
"Курская (проход 4)";"nested data";"Вход-выход";"да";"Центральный административный округ";"Басманный район";"55.758691";"37.660946";"";"действует";"2616990026";"{coordinates=[37.660946, 55.758691], type=Point}";"";
"Серп и Молот (проход 1)";"nested data";"Вход-выход";"да";"Центральный административный округ";"Таганский район";"55.747890";"37.682512";"";"действует";"2616990681";"{coordinates=[37.682512, 55.74789], type=Point}";"";
"Нижегородская (проход 1)";"nested data";"Вход-выход";"да";"Юго-Восточный административный округ";"Нижегородский район";"55.732872";"37.730867";"";"действует";"2616991645";"{coordinates=[37.730867, 55.732872], type=Point}";"";
"Чухлинка (проход 1)";"nested data";"Вход-выход";"да";"Юго-Восточный административный округ";"Рязанский район";"55.733152";"37.763840";"";"действует";"2616992177";"{coordinates=[37.76384, 55.733152], type=Point}";"";
"Чухлинка (проход 2)";"nested data";"Вход-выход";"да";"Юго-Восточный административный округ";"Нижегородский район";"55.733853";"37.763555";"";"действует";"2616992403";"{coordinates=[37.763555, 55.733853], type=Point}";"";
"Кусково (проход 1)";"nested data";"Вход-выход";"да";"Восточный административный округ";"район Вешняки";"55.739431";"37.795099";"";"действует";"2616992778";"{coordinates=[37.795099, 55.739431], type=Point}";"";
"Кусково (проход 2)";"nested data";"Вход-выход";"да";"Восточный административный округ";"район Новогиреево";"55.740183";"37.794191";"";"действует";"2616993011";"{coordinates=[37.794191, 55.740183], type=Point}";"";
"Новогиреево (проход 1)";"nested data";"Вход-выход";"да";"Восточный административный округ";"район Вешняки";"55.744296";"37.820015";"";"действует";"2616993353";"{coordinates=[37.820015, 55.744296], type=Point}";"";
"Новогиреево (проход 2)";"nested data";"Вход-выход";"да";"Восточный административный округ";"район Новогиреево";"55.744719";"37.818219";"";"действует";"2616993386";"{coordinates=[37.818219, 55.744719], type=Point}";"";
"Новогиреево (проход 3)";"nested data";"Вход-выход";"да";"Восточный административный округ";"район Новогиреево";"55.744948";"37.819420";"";"действует";"2616993402";"{coordinates=[37.81942, 55.744948], type=Point}";"";
"Реутов (проход 1)";"nested data";"Вход-выход";"нет";"";"";"55.751357";"37.856576";"";"действует";"2616993424";"{coordinates=[37.856576, 55.751357], type=Point}";"";
"Реутов (проход 2)";"nested data";"Вход-выход";"нет";"";"";"55.751093";"37.855177";"";"действует";"2616993660";"{coordinates=[37.855177, 55.751093], type=Point}";"";
"Реутов (проход 3)";"nested data";"Вход-выход";"нет";"";"";"55.751851";"37.854962";"";"действует";"2616993764";"{coordinates=[37.854962, 55.751851], type=Point}";"";
"Реутов (проход 4)";"nested data";"Вход-выход";"нет";"";"";"55.752108";"37.856339";"";"действует";"2616993878";"{coordinates=[37.856339, 55.752108], type=Point}";"";
"Никольское (проход 1)";"nested data";"Вход-выход";"нет";"";"";"55.759439";"37.897207";"";"действует";"2616994092";"{coordinates=[37.897207, 55.759439], type=Point}";"";
"Никольское (проход 2)";"nested data";"Вход-выход";"нет";"";"";"55.759922";"37.896521";"";"действует";"2616994437";"{coordinates=[37.896521, 55.759922], type=Point}";"";
"Салтыковская (проход 1)";"nested data";"Вход-выход";"нет";"";"";"55.757519";"37.921476";"";"действует";"2616995051";"{coordinates=[37.921476, 55.757519], type=Point}";"";
"Салтыковская (проход 2)";"nested data";"Вход-выход";"нет";"";"";"55.758310";"37.921722";"";"действует";"2616995321";"{coordinates=[37.921722, 55.75831], type=Point}";"";
"Кучино (проход 1)";"nested data";"Вход-выход";"нет";"";"";"55.751764";"37.955196";"";"действует";"2616995972";"{coordinates=[37.955196, 55.751764], type=Point}";"";
"Кучино (проход 2)";"nested data";"Вход-выход";"нет";"";"";"55.752365";"37.955532";"";"действует";"2616996208";"{coordinates=[37.955532, 55.752365], type=Point}";"";
"Ольгино (проход 1)";"nested data";"Вход-выход";"нет";"";"";"55.751529";"37.977985";"";"действует";"2616996537";"{coordinates=[37.977985, 55.751529], type=Point}";"";
"Ольгино (проход 2)";"nested data";"Вход-выход";"нет";"";"";"55.752058";"37.977964";"";"действует";"2616996749";"{coordinates=[37.977964, 55.752058], type=Point}";"";
"Железнодорожная (проход 1)";"nested data";"Вход-выход";"нет";"";"";"55.751799";"38.008167";"";"действует";"2616997106";"{coordinates=[38.008167, 55.751799], type=Point}";"";
"Москва-Сити (проход 7)";"nested data";"Вход-выход";"да";"Центральный административный округ";"Пресненский район";"55.747942";"37.531552";"";"действует";"2663491879";"{coordinates=[37.531552, 55.747942], type=Point}";"";
"Митьково (проход 1)";"nested data";"Вход-выход";"да";"Восточный административный округ";"район Сокольники";"55.785244";"37.674134";"";"действует";"2693588649";"{coordinates=[37.674134, 55.785244], type=Point}";"";
"Нижегородская (проход 2)";"nested data";"Вход-выход";"да";"Юго-Восточный административный округ";"Нижегородский район";"55.73354072";"37.73106418";"";"действует";"2694537939";"{coordinates=[37.73106418, 55.73354072], type=Point}";"";
"Баковка (проход 2)";"nested data";"Вход-выход";"нет";"";"";"55.682036";"37.313444";"";"действует";"2696708244";"{coordinates=[37.313444, 55.682036], type=Point}";"";
"Белорусская (проход 1) (А)";"nested data";"Вход-выход";"да";"Центральный административный округ";"Тверской район";"55.776588";"37.580310";"";"действует";"2696708398";"{coordinates=[37.58031, 55.776588], type=Point}";"";
"Лианозово (проход 15) (Б)";"nested data";"Вход-выход";"да";"Северный административный округ";"Дмитровский район";"55.897782";"37.551343";"";"действует";"2696708544";"{coordinates=[37.551343, 55.897782], type=Point}";"";
"Лианозово (проход 16)";"nested data";"Вход-выход";"да";"Северо-Восточный административный округ";"район Лианозово";"55.898180";"37.551626";"";"действует";"2696708554";"{coordinates=[37.551626, 55.89818], type=Point}";"";
"Лианозово (проход 18)";"nested data";"Вход-выход";"да";"Северо-Восточный административный округ";"район Лианозово";"55.898825";"37.552052";"";"действует";"2696708564";"{coordinates=[37.552052, 55.898825], type=Point}";"";
"Новодачная (проход 3)";"nested data";"Вход-выход";"нет";"";"";"55.924563";"37.527591";"";"действует";"2696708585";"{coordinates=[37.527591, 55.924563], type=Point}";"";
"Шереметьевская (проход 6)";"nested data";"Вход-выход";"нет";"";"";"55.983994";"37.498562";"";"действует";"2696708643";"{coordinates=[37.498562, 55.983994], type=Point}";"";
"Силикатная (проход 3)";"nested data";"Вход-выход";"нет";"";"";"55.471482";"37.555779";"";"действует";"2696708944";"{coordinates=[37.555779, 55.471482], type=Point}";"";
"Калитники (проход 1) (Б)";"nested data";"Вход-выход";"да";"Юго-Восточный административный округ";"Нижегородский район";"55.734218";"37.701756";"";"действует";"2696709003";"{coordinates=[37.701756, 55.734218], type=Point}";"";
"Калитники (проход 2) (Б)";"nested data";"Вход-выход";"да";"Юго-Восточный административный округ";"Нижегородский район";"55.734321";"37.702041";"";"действует";"2696709006";"{coordinates=[37.702041, 55.734321], type=Point}";"";
"Зеленоград - Крюково (проход 1)";"nested data";"Вход-выход";"да";"Зеленоградский административный округ";"район Крюково";"55.980361";"37.172539";"";"действует";"2696709315";"{coordinates=[37.172539, 55.980361], type=Point}";"";
"Зеленоград - Крюково (проход 2)";"nested data";"Вход-выход";"да";"Зеленоградский административный округ";"район Крюково";"55.980286";"37.172631";"";"действует";"2696709332";"{coordinates=[37.172631, 55.980286], type=Point}";"";
"Зеленоград - Крюково (проход 3)";"nested data";"Вход-выход";"да";"Зеленоградский административный округ";"район Крюково";"55.979655";"37.171663";"";"действует";"2696709341";"{coordinates=[37.171663, 55.979655], type=Point}";"";
"Зеленоград - Крюково (проход 5)";"nested data";"Вход-выход";"да";"Зеленоградский административный округ";"район Крюково";"55.979928";"37.173219";"";"действует";"2696709351";"{coordinates=[37.173219, 55.979928], type=Point}";"";
"Зеленоград - Крюково (проход 6)";"nested data";"Вход-выход";"да";"Зеленоградский административный округ";"район Крюково";"55.980095";"37.172933";"";"действует";"2696709367";"{coordinates=[37.172933, 55.980095], type=Point}";"";
"Царицыно (проход 11)";"nested data";"Вход-выход";"да";"Южный административный округ";"район Царицыно";"55.618356";"37.668614";"";"действует";"2696710021";"{coordinates=[37.668614, 55.618356], type=Point}";"";
"Сходня (проход 3)";"nested data";"Вход-выход";"нет";"";"";"55.950188";"37.297741";"";"действует";"2696710035";"{coordinates=[37.297741, 55.950188], type=Point}";"";
"Петровско-Разумовская (проход 7) (Б)";"nested data";"Вход-выход";"да";"Северный административный округ";"Тимирязевский район";"55.839799";"37.568992";"";"действует";"2696710058";"{coordinates=[37.568992, 55.839799], type=Point}";"";
"Сортировочная (проход 4)";"nested data";"Вход-выход";"да";"Юго-Восточный административный округ";"район Лефортово";"55.763845";"37.720553";"";"действует";"2696710082";"{coordinates=[37.720553, 55.763845], type=Point}";"";
"Люберцы (проход 2)";"nested data";"Вход-выход";"нет";"";"";"55.682003";"37.898402";"";"действует";"2696710106";"{coordinates=[37.898402, 55.682003], type=Point}";"";
"Люберцы (проход 3)";"nested data";"Вход-выход";"нет";"";"";"55.682271";"37.897921";"";"действует";"2696710107";"{coordinates=[37.897921, 55.682271], type=Point}";"";
"Быково (проход 3)";"nested data";"Вход-выход";"нет";"";"";"55.625843";"38.073129";"";"действует";"2696710110";"{coordinates=[38.073129, 55.625843], type=Point}";"";
"Быково (проход 4)";"nested data";"Вход-выход";"нет";"";"";"55.625988";"38.072641";"";"действует";"2696710116";"{coordinates=[38.072641, 55.625988], type=Point}";"";
"Ипподром (проход 2)";"nested data";"Вход-выход";"нет";"";"";"55.560052";"38.241299";"";"действует";"2696710118";"{coordinates=[38.241299, 55.560052], type=Point}";"";
"Санино (проход 3)";"nested data";"Вход-выход";"да";"Новомосковский административный округ";"район Внуково";"55.584782";"37.142028";"";"действует";"2696710122";"{coordinates=[37.142028, 55.584782], type=Point}";"";
"Санино (проход 4)";"nested data";"Вход-выход";"да";"Новомосковский административный округ";"район Внуково";"55.585324";"37.141466";"";"действует";"2696710124";"{coordinates=[37.141466, 55.585324], type=Point}";"";
"Солнечная (проход 3)";"nested data";"Вход-выход";"да";"Западный административный округ";"район Солнцево";"55.656602";"37.384801";"";"действует";"2696710139";"{coordinates=[37.384801, 55.656602], type=Point}";"";
"Белорусская (проход 1) (Б)";"nested data";"Вход-выход";"да";"Центральный административный округ";"Тверской район";"55.776541";"37.581890";"";"действует";"2696710242";"{coordinates=[37.58189, 55.776541], type=Point}";"";
"Белорусская (проход 2) (Б)";"nested data";"Вход-выход";"да";"Центральный административный округ";"Тверской район";"55.776874";"37.581719";"";"действует";"2696710245";"{coordinates=[37.581719, 55.776874], type=Point}";"";
"Савёловская (проход 5)";"nested data";"Вход-выход";"да";"Северо-Восточный административный округ";"Бутырский район";"55.794584";"37.588955";"";"действует";"2696710288";"{coordinates=[37.588955, 55.794584], type=Point}";"";
"Курская (проход 5)";"nested data";"Вход-выход";"да";"Центральный административный округ";"Басманный район";"55.758704";"37.660939";"";"действует";"2696710380";"{coordinates=[37.660939, 55.758704], type=Point}";"";
